<?xml version="1.0" encoding="UTF-8" standalone="yes"?>

<addon id="plugin.video.faustinotv" name="FaustinoTV" version="1.0a" provider-name="TeamFaustinoTV">

  <requires>

    <import addon="xbmc.python" version="2.1.0"/>

    <import addon="script.module.beautifulsoup" version="3.2.1"/>

    <import addon="script.module.simple.downloader" version="0.9.4"/>

    <import addon="script.module.beautifulsoup4"/>

    <import addon="script.module.requests"/>

    <import addon="script.module.httplib2"/>

    <import addon="script.module.youtube.dl" optional="true"/>

    <import addon="plugin.video.youtube"/>

    <import addon="script.module.urlresolver" optional="true"/>

    <import addon="script.module.simplejson"/>
	
	<import addon="script.module.livestreamer" optional="true"/>
	
	<import addon="plugin.video.f4mTester" version="2.7.1"/>

	<import addon="script.video.F4mProxy" version="2.1.0"/>
 
  </requires>

  <extension point="xbmc.python.pluginsource" library="default.py">

        <provides>video</provides>

  </extension>

  <extension point="xbmc.addon.metadata">
    <summary lang="en">FaustinoTV</summary>
    <description lang="en">FaustinoTV</description>
    <platform>all</platform>
	<assets>
        <icon>icon.png</icon>
        <fanart>fanart.jpg</fanart>
    </assets>
 </extension>

</addon>
