<?xml version="1.0" encoding="UTF-8" standalone="yes"?>

<addon id="plugin.video.faustinotv" name="[B][COLOR cyan]FaustinoTV[/COLOR][/B]" version="2.8.5" provider-name="Equipe FaustinoTV">

  <requires>
    <import addon="xbmc.python" version="2.1.0"/>
    <import addon="script.module.beautifulsoup" version="3.2.1"/>
    <import addon="script.module.simple.downloader" version="0.9.4"/>
    <import addon="script.module.beautifulsoup4"/>
    <import addon="script.module.requests"/>
    <import addon="script.module.httplib2"/>
    <import addon="script.module.youtube.dl" optional="true"/>
    <import addon="plugin.video.youtube" optional="true"/>
    <import addon="script.module.urlresolver" optional="true"/>
    <import addon="script.module.simplejson"/>
	<import addon="script.module.livestreamer" optional="true"/>
	<import addon="plugin.video.f4mTester" version="2.7.1"/>	
  </requires>
  
  <extension point="xbmc.python.pluginsource" library="default.py">
        <provides>video</provides>
  </extension>

  <extension point="xbmc.addon.metadata">
    <summary lang="en">FILMES E SÉRIES EM HD E FULLD, TV AO VIVO COM DIVERSOS CANAIS, 
CONTAMOS COM UMA ÀREA BONUS PARA DOADORES, QUE POSSUI FILMES E SERIES EM DUAL-AUDIO + LEGENDAS E ALGUNS CANAIS ADICIONAIS, NSS SEÇÃO POSSUI TAMBÉM CANAIS LEGENDADOS E CANAIS EM 4K</summary>
    <description lang="en">[B][COLOR deepskyblue]FaustinoTV[/COLOR] - [COLOR yellow]Free4ALLL[/COLOR][/B]</description>
    <platform>all</platform>
	<assets>
		<icon>icon.png</icon>
		<fanart>fanart.jpg</fanart>
	    <screenshot>resources/screenshots/01.png</screenshot>
		<screenshot>resources/screenshots/02.png</screenshot>
		<screenshot>resources/screenshots/03.png</screenshot>

	</assets>

 </extension>

</addon>